userId,username,role,profileImage,jobTitle,qualification,qualificationInstitution,emergencyContact,emergencyNumber
1,elizabeth42,Educator,Blob,Assistant Director,Bachelor of Education (Early Childhood),Lozano-Rojas,Melissa Riley,5421244129
2,barrettthomas,Educator,Blob,Relief Educator,,,Patrick Harris,2204677952
3,stephaniesullivan,Educator,Blob,Director,Bachelor of Education (Early Childhood),Jones Group,Ann Hall,3130449910
4,birdjames,Educator,Blob,Manager,Bachelor of Education (Early Childhood),"Jenkins, Smith and White",Bradley Lewis,6852959887
5,tstark,Educator,Blob,Lead Educator,Diploma in Early Childhood Education and Care,Ellis-Fitzgerald,Kimberly Chambers,7609769131
6,jacksonkyle,Educator,Blob,Lead Educator,Diploma in Early Childhood Education and Care,Ware-Moore,Ann Thompson,3838604248
7,amandavalencia,Educator,Blob,Educator,Certificate III in Early Childhood Education and Care,Gray-Bryan,Jorge Suarez,6658981182
8,allison90,Educator,Blob,Educator,Certificate III in Early Childhood Education and Care,"Marshall, Mcdaniel and Collins",Jeffrey Daniels,9061946173
9,michelebass,Educator,Blob,Relief Educator,,,Erik Chambers,4664297578
10,ronald07,Educator,Blob,Relief Educator,,,Heather Hughes MD,9620470222
11,kjacobs,Educator,Blob,Director,Bachelor of Education (Early Childhood),"Edwards, Baxter and Johnson",Patricia Cantrell,5431130771
12,fmartin,Educator,Blob,Educator,Certificate III in Early Childhood Education and Care,"Ortiz, Stewart and James",John Reynolds,5821452374
13,daniel21,Educator,Blob,Educator,Certificate III in Early Childhood Education and Care,"Wallace, Macias and Martinez",Michelle Pope,6520587104
14,melvingraves,Educator,Blob,Lead Educator,Diploma in Early Childhood Education and Care,Zimmerman LLC,Ms. Olivia Larson,7151562161
15,wolfangela,Educator,Blob,Educator,Certificate III in Early Childhood Education and Care,"Ward, Frederick and Howard",Kristen Rodriguez,3608317527
16,qwade,Educator,Blob,Relief Educator,,,Patricia Suarez,6933589362
17,samantha20,Educator,Blob,Relief Educator,,,Wyatt Mcintyre,1803856323
18,reginald21,Educator,Blob,Educator,Certificate III in Early Childhood Education and Care,"Coleman, Sparks and Martinez",Susan Schwartz,8484765942
19,ericsaunders,Educator,Blob,Educator,Certificate III in Early Childhood Education and Care,"Mcintosh, Ross and Martin",Veronica Rojas,8846969650
20,carrie07,Educator,Blob,Educator,Certificate III in Early Childhood Education and Care,"Sanders, Jenkins and Gray",Catherine Williams,3013012366
21,cindy81,Educator,Blob,Relief Educator,,,Jennifer Baldwin,9194920083
22,sjones,Educator,Blob,Lead Educator,Diploma in Early Childhood Education and Care,"Lee, Sanchez and Saunders",Diamond Haas,3561496383
23,hernandezkatherine,Educator,Blob,Educator,Certificate III in Early Childhood Education and Care,Hines PLC,Mitchell Hernandez,6559238353
24,paul38,Educator,Blob,Educator,Certificate III in Early Childhood Education and Care,Roy-Taylor,Scott Gaines,2086007517
25,theresa90,Educator,Blob,Relief Educator,,,Kristine Gomez,1816541197
26,lthompson,Educator,Blob,Lead Educator,Diploma in Early Childhood Education and Care,"Thornton, Cantu and Thomas",Lisa Burton,3877821054
27,michael46,Educator,Blob,Assistant Director,Bachelor of Education (Early Childhood),Pierce Ltd,Maria Hall,6953911173
28,porteroscar,Educator,Blob,Educator,Certificate III in Early Childhood Education and Care,Santos-Green,Kyle Anderson,6100312323
29,bradleyjohnson,Educator,Blob,Lead Educator,Diploma in Early Childhood Education and Care,"Morris, Santiago and Villarreal",Natalie Davis,5819367618
30,cking,Educator,Blob,Educator,Certificate III in Early Childhood Education and Care,Fox PLC,Brandi Ramos,1346477422
31,pamela77,Educator,Blob,Assistant Director,Bachelor of Education (Early Childhood),"Burnett, Guzman and Berry",Patricia Fischer,1189481941
32,marilyn96,Educator,Blob,Educator,Certificate III in Early Childhood Education and Care,Gonzalez-Donovan,Dr. Juan Evans,4935369318
33,rubenjohnson,Educator,Blob,Director,Bachelor of Education (Early Childhood),"Barron, Mack and Perez",David Hodges,6809189148
34,hjackson,Educator,Blob,Educator,Certificate III in Early Childhood Education and Care,Sellers Ltd,Anna Bryant,2719353640
35,smoss,Educator,Blob,Educator,Certificate III in Early Childhood Education and Care,Foster PLC,Robert Garcia,9082357860
36,mark00,Educator,Blob,Educator,Certificate III in Early Childhood Education and Care,Johnson-Myers,Bradley Carter,1794724823
37,loribrown,Educator,Blob,Educator,Certificate III in Early Childhood Education and Care,"Brown, Hart and Marsh",Yolanda Strickland,8132641909
38,jonjones,Educator,Blob,Relief Educator,,,Laura Grant,3496478605
39,ortizmichael,Educator,Blob,Lead Educator,Diploma in Early Childhood Education and Care,Gonzalez-Buck,Pamela Mccoy,5518402116
40,christopher32,Educator,Blob,Manager,Bachelor of Education (Early Childhood),"Owen, Lyons and Solomon",Laurie Lam,4741750156
41,williampalmer,Family,Blob,,,,Michael Parker,3588721321
42,shahthomas,Family,Blob,,,,Trevor Mason,7139578478
43,jeremychase,Family,Blob,,,,Julian Rodriguez,9197338861
44,lauren57,Family,Blob,,,,Lisa Allen,7040873572
45,georgebuchanan,Family,Blob,,,,Stephanie Franklin,7088057818
46,xcox,Family,Blob,,,,Thomas Snyder,3693034851
47,meghan11,Family,Blob,,,,April Rodriguez,9190430848
48,uyoung,Family,Blob,,,,Melissa Tucker,3827056381
49,emcdonald,Family,Blob,,,,Susan Lewis,2197245932
50,sreynolds,Family,Blob,,,,Bryan Wells,5485849382
51,elijahmartinez,Family,Blob,,,,Hannah Cooper,9639500920
52,evansraymond,Family,Blob,,,,Brian Collins,2218207289
53,julie76,Family,Blob,,,,Mr. Devin Reid,4010749659
54,shannonbarton,Family,Blob,,,,Jacqueline Hayes,4995258609
55,calderontanya,Family,Blob,,,,Jonathan Evans,7896694535
56,melissa42,Family,Blob,,,,Derrick Scott,9397932217
57,daniel05,Family,Blob,,,,Cameron Zavala,9814895913
58,ashley65,Family,Blob,,,,Jasmine Snyder,3790676892
59,williamwhite,Family,Blob,,,,Mrs. Shannon Mccullough,4273271901
60,stephanieshelton,Family,Blob,,,,Larry Washington,8010422138
61,lcarrillo,Family,Blob,,,,George Thomas,7508731119
62,jane86,Family,Blob,,,,Bobby Mcconnell,8694674563
63,amy78,Family,Blob,,,,David Lawrence,3964656080
64,mryan,Family,Blob,,,,Mark Miles,4688733406
65,victoria70,Family,Blob,,,,Sandra Shepard,4988918891
66,schristensen,Family,Blob,,,,Troy Thomas,3028272325
67,christinacoffey,Family,Blob,,,,Edward Snow,3995514836
68,davidparrish,Family,Blob,,,,Jennifer Cohen,4145526544
69,nryan,Family,Blob,,,,Brenda Madden,8242991681
70,lopezsean,Family,Blob,,,,Amy Beck,6587952539
71,tsmith,Family,Blob,,,,Jenny Gray,7992108382
72,matthewlewis,Family,Blob,,,,Matthew Noble,9802580479
73,jhernandez,Family,Blob,,,,Jennifer Thompson,5720297042
74,barkertara,Family,Blob,,,,Laurie Hall,1405356853
75,richardslynn,Family,Blob,,,,Crystal Stephens,7934367964
76,christophersmith,Family,Blob,,,,Jody Thomas,6729098201
77,danny36,Family,Blob,,,,Wesley Green,2751648396
78,lmiller,Family,Blob,,,,Jason Vasquez,5971371200
79,jennagillespie,Family,Blob,,,,Dr. Stephanie Davis,4792411193
80,kenneth70,Family,Blob,,,,Elizabeth Scott,4409716414
81,kwiggins,Family,Blob,,,,Michelle Rice,5299015727
82,samantha30,Family,Blob,,,,Timothy Nelson,4926501706
83,landerson,Family,Blob,,,,Steven Johnson,4997916509
84,leah19,Family,Blob,,,,Eric Watkins,1099181172
85,yguzman,Family,Blob,,,,Matthew Morrison,6824213176
86,justin03,Family,Blob,,,,Cheryl Walters,3971166942
87,jonesrachel,Family,Blob,,,,Kelsey Shaw,1962219042
88,gfoster,Family,Blob,,,,Maureen Barrett,2388171635
89,nicolescott,Family,Blob,,,,Paul Wells,9717979453
90,thomassara,Family,Blob,,,,Mr. Tyler Smith DDS,9369812855
91,vharris,Family,Blob,,,,Gabriella Ward,5554093359
92,jessicaruiz,Family,Blob,,,,Steven Allen,6495890097
93,andreamarquez,Family,Blob,,,,Zachary Edwards,9213241735
94,wfrazier,Family,Blob,,,,Justin Schaefer,1466951732
95,torreschelsea,Family,Blob,,,,Sydney Smith,5041776668
96,danielwhite,Family,Blob,,,,Shawn Wright,1690511235
97,rogersisaac,Family,Blob,,,,George Bennett,9474996117
98,ocase,Family,Blob,,,,Samantha Carpenter,6159114901
99,anthony95,Family,Blob,,,,Joseph Campos,4349006153
100,jareddaniels,Family,Blob,,,,Stephanie Hart,2586246519
101,benjaminhall,Family,Blob,,,,Holly Phillips,2021275258
102,torresmelissa,Family,Blob,,,,Joshua Hamilton,8109609213
103,michellestanton,Family,Blob,,,,Mary Keller,5933251596
104,colin53,Family,Blob,,,,Kayla Lewis,8000725046
105,william75,Family,Blob,,,,Joshua Francis,6478556950
106,wmartin,Family,Blob,,,,Christina Griffin,4989595641
107,jessica40,Family,Blob,,,,Tyler Ortiz,1108661937
108,seanmalone,Family,Blob,,,,Kathy Preston,5816911905
109,byrdcarla,Family,Blob,,,,Jasmine Henderson,4897674735
110,wardbeverly,Family,Blob,,,,Oscar Simmons,6985097524
111,carolhammond,Family,Blob,,,,Tracey Fischer,6149763369
112,georgejasmine,Family,Blob,,,,Aaron Sosa,7189377932
113,martinezrachel,Family,Blob,,,,Christopher Oliver,6827290879
114,michael12,Family,Blob,,,,Cole Smith,2188591706
115,edwardscharles,Family,Blob,,,,Nicole Lee,6780016593
116,david62,Family,Blob,,,,Mr. Mark Miles DDS,4003830348
117,nclark,Family,Blob,,,,Caleb Duncan,2012550286
118,darmstrong,Family,Blob,,,,Stephen Richards,9695865767
119,sdavis,Family,Blob,,,,Michael King,6483084061
120,aprilreed,Family,Blob,,,,Amy Bell,4551557402
121,nmurphy,Family,Blob,,,,Sherri Freeman,9226631567
122,evanskayla,Family,Blob,,,,Chad Young,9424457859
123,stephanie19,Family,Blob,,,,Douglas Harrison,7764939279
124,hcastro,Family,Blob,,,,David Shannon,6868051653
125,yangjames,Family,Blob,,,,Miranda Moran,4122015393
126,holly99,Family,Blob,,,,Patrick Williamson,2668542739
127,kproctor,Family,Blob,,,,Brittney Lee,7860912713
128,kristinwolfe,Family,Blob,,,,Suzanne Adkins,1147826380
129,iward,Family,Blob,,,,Leslie Booker,6994979740
130,kristinsnyder,Family,Blob,,,,Anna Thornton,6396919884
131,chungann,Family,Blob,,,,Daniel Hart,1286081721
132,erica27,Family,Blob,,,,Deborah Patterson,9848258765
133,carteranthony,Family,Blob,,,,Rebecca Peterson,9691222055
134,pvasquez,Family,Blob,,,,Danny Jacobs,4964613286
135,chaveznicole,Family,Blob,,,,Tiffany Chandler,4186494306
136,debbiebryant,Family,Blob,,,,Mrs. Susan Webster DDS,1423882515
137,brentsanchez,Family,Blob,,,,Susan Caldwell,4545093092
138,michellemyers,Family,Blob,,,,Courtney Thomas,3289305645
139,galvanandrew,Family,Blob,,,,Monica Myers,6121744340
140,bmccoy,Family,Blob,,,,Miss Sara Newman,1552446042
141,wandrews,Family,Blob,,,,Cody Lyons,9364395522
142,rachel68,Family,Blob,,,,Adam Wilkerson,3405277884
143,lgould,Family,Blob,,,,Brett Petersen,2931577980
144,ihall,Family,Blob,,,,Christopher Lawrence,5281296633
145,richardwilliams,Family,Blob,,,,Stephanie Holland,1926546953
146,llyons,Family,Blob,,,,Brittany Rivera,2770057983
147,johnsmith,Family,Blob,,,,Andre Simmons,8238907038
148,sherrycampbell,Family,Blob,,,,Ashley Jones,5903552742
149,owenspriscilla,Family,Blob,,,,Brian King,2985578229
150,rpierce,Family,Blob,,,,Catherine Gilbert,1264807581
151,heather13,Family,Blob,,,,Valerie Olsen,8649197741
152,qlee,Family,Blob,,,,Jeanette Miller,7249811542
153,psummers,Family,Blob,,,,Robin Garcia,7613058704
154,pcoleman,Family,Blob,,,,Roy Hodge,5109604329
155,ecarney,Family,Blob,,,,Stacey Singh,7154663862
156,amyrogers,Family,Blob,,,,John Johnson,2654517421
157,wmathis,Family,Blob,,,,Tracy Miranda,4351223902
158,kthompson,Family,Blob,,,,Michael Cooper,7174203296
159,hmorrison,Family,Blob,,,,Katie Gray,3901203271
160,lawsondoris,Family,Blob,,,,Rhonda Gray,1650014159
161,amysimmons,Family,Blob,,,,Barbara Carroll,6783698966
162,martinderek,Family,Blob,,,,Jerry Miller,3800022185
163,david89,Family,Blob,,,,Brian Johnson,9484702530
164,connerbrian,Family,Blob,,,,Judy Jones,8720701419
165,cookjeffrey,Family,Blob,,,,Tiffany Castillo,5141430616
166,bryanbruce,Family,Blob,,,,Crystal Spence,5940438526
167,dukerussell,Family,Blob,,,,Katelyn Moran,7149041923
168,swhite,Family,Blob,,,,Devin Nunez,4173969589
169,ablankenship,Family,Blob,,,,Raymond Brooks,5893965914
170,jharrison,Family,Blob,,,,Kara Webb,4974129151
171,murphyteresa,Family,Blob,,,,Laura Sanchez,9168550184
172,james12,Family,Blob,,,,Cody Doyle,9149781923
173,keyaaron,Family,Blob,,,,Andrew Reynolds,8922250842
174,larsonrodney,Family,Blob,,,,Johnathan Morgan,3923253591
175,zanderson,Family,Blob,,,,Donna Watson,6745306155
176,anthonyjackson,Family,Blob,,,,Karen Schroeder,8004397270
177,stephanieward,Family,Blob,,,,Cesar Smith DVM,5242822856
178,urollins,Family,Blob,,,,Jerry Alexander,9627886926
179,edaniel,Family,Blob,,,,Dr. Alexander Jackson,4379407121
180,swilliams,Family,Blob,,,,Alan Cooper,9276715544
181,coxjulie,Family,Blob,,,,Cassandra Taylor,2928105404
182,thomasramos,Family,Blob,,,,Andrew Brewer,9282731270
183,frederick97,Family,Blob,,,,Steven Heath,3007063170
184,perezdarin,Family,Blob,,,,Patricia Bray,7621668340
185,brandon79,Family,Blob,,,,Sarah Clarke,7163268408
186,john29,Family,Blob,,,,Christina Lewis,6767111441
187,yhiggins,Family,Blob,,,,Bailey Jarvis,7949659836
188,aruiz,Family,Blob,,,,Maureen Crane,6375113681
189,antoniorodriguez,Family,Blob,,,,Brett Thomas,2880824156
190,ashleeroman,Family,Blob,,,,Debra Foster,9487965212
191,adrianjensen,Family,Blob,,,,Rachel Middleton,9564259444
192,patrickdixon,Family,Blob,,,,Brian Gonzales Jr.,9066868640
193,tara26,Family,Blob,,,,Haley Long,9574626392
194,ythompson,Family,Blob,,,,Shawn Patrick,1348046062
195,martinheather,Family,Blob,,,,Michelle Wilson,5939313769
196,nicolemitchell,Family,Blob,,,,Samantha Jordan,5034649392
197,stephanie51,Family,Blob,,,,Stephanie Green,7188294775
198,youngjamie,Family,Blob,,,,Rachel Cruz,2331359455
199,jonesrebecca,Family,Blob,,,,Gregory Bradley,6127032770
200,bwilliams,Family,Blob,,,,Amanda Phillips,4674514613
201,kim84,Family,Blob,,,,Francis Snow,4571912513
202,tiffanylopez,Family,Blob,,,,Bradley Harrison,1136541133
203,maytraci,Family,Blob,,,,Wendy Taylor,1090344751
204,sherrigould,Family,Blob,,,,Timothy Ramos,6781920755
205,lyonsross,Family,Blob,,,,Joseph Davis,1175978324
206,cooperbreanna,Family,Blob,,,,Michael Black,4015179769
207,nguyendebra,Family,Blob,,,,Sean Williams,1170431851
208,bradley52,Family,Blob,,,,Kayla Allen,4855073696
209,chad94,Family,Blob,,,,Teresa Contreras,4357324844
210,antonio19,Family,Blob,,,,Deborah Norton,1468758490
211,johnsonwilliam,Family,Blob,,,,Latoya Malone,3542102892
212,xspencer,Family,Blob,,,,Joann Farmer,1023958619
213,brownamanda,Family,Blob,,,,Alexandra Francis,7506823901
214,michaelbrooks,Family,Blob,,,,Vanessa Price,9856317014
215,dbaker,Family,Blob,,,,Beth Robinson,5999580267
216,barbaralewis,Family,Blob,,,,Kathy Craig,9810091399
217,canderson,Family,Blob,,,,Theresa Christian,7642680508
218,diana48,Family,Blob,,,,Travis Carpenter,3436116482
219,markhardin,Family,Blob,,,,Sarah Jackson,5884766178
220,kristen93,Family,Blob,,,,Eric Morris Jr.,2068030036
221,fergusonjennifer,Family,Blob,,,,Nicole Williams,9965181267
222,brockchristopher,Family,Blob,,,,Krista Briggs,1679505765
223,wilsonnancy,Family,Blob,,,,William Martin,5323039400
224,kdavies,Family,Blob,,,,Randy Baldwin,9403899888
225,fpeterson,Family,Blob,,,,Kyle Carr,5878150582
226,kristi57,Family,Blob,,,,Dustin Gallegos,2402487931
227,fclark,Family,Blob,,,,Jeffery Ruiz,8249528504
228,zachary27,Family,Blob,,,,Timothy Jackson,8748358849
229,yjohnson,Family,Blob,,,,Karina Garrison,4262236296
230,ethan75,Family,Blob,,,,Theresa Walker,1917926821
231,lauren36,Family,Blob,,,,Kyle Simmons Jr.,3671269806
232,johnny41,Family,Blob,,,,Destiny Bell,4384044120
233,ashley52,Family,Blob,,,,Theresa Lara,7746835947
234,petersonlaura,Family,Blob,,,,Amanda Bird MD,8750335216
235,hwalters,Family,Blob,,,,Angela Melendez,2788730526
236,brownclayton,Family,Blob,,,,Connie Irwin,5675378128
237,eric87,Family,Blob,,,,Angela Wade,5385810962
238,qflores,Family,Blob,,,,Connie Walker,4149273336
239,susanrose,Family,Blob,,,,Ralph Johnson,2346021418
240,brennannicholas,Family,Blob,,,,Brooke Lane,3735580586
